INSERT INTO college_tb VALUES
(4, '상경대학');

INSERT INTO department_tb VALUES
(116, '경영학과', 4),
(117, '경제학과', 4),
(118, '회계학과', 4),
(119, '농업경영학과', 4),
(120, '무역학과', 4);

INSERT INTO professor_tb VALUES
(21000031, '마이클 포터', '1970-02-23', '남성', '부산시 동래구 사직동', '010-1212-1212', 'porter@green.ac.kr', 116, (current_date)),
(21000032, '피터 드러커', '1972-03-23', '남성', '부산시 금정구 장전동', '010-1212-1213', 'pd1@green.ac.kr', 116, (current_date)),
(21000033, '아담 스미스', '1971-05-24', '남성', '부산시 동래구 명륜동', '010-1212-1214', 'invisiblehand@green.ac.kr', 117, (current_date)),
(21000034, '존 케인즈', '1978-11-11', '남성', '양산시 덕계동', '010-1212-1222', 'neoliberal@green.ac.kr', 117, (current_date)),
(21000035, '최삼정', '1974-07-13', '여성', '부산시 금정구 청룡동 ', '010-1212-1232', 'kpmg@green.ac.kr', 118, (current_date)),
(21000036, '안진동', '1970-02-23', '남성', '부산시 금정구 구서동', '010-1212-1242', 'deloitte@green.ac.kr', 118, (current_date)),
(21000037, '우장춘', '1966-04-30', '남성', '부산시 동래구 사직동', '010-1212-1312', 'watermelon@green.ac.kr', 119, (current_date)),
(21000038, '문익점', '1971-06-23', '남성', '양산시 명동', '010-1212-1412', 'moka@green.ac.kr', 119, (current_date)),
(21000039, '김은영', '1978-09-03', '여성', '부산시 동래구 온천동', '010-1212-1512', 'silver@green.ac.kr', 120, (current_date)),
(21000040, '이선영', '1973-05-26', '여성', '부산시 동래구 안락동', '010-1212-1612', 'line@green.ac.kr', 120, (current_date));

INSERT INTO user_tb VALUES
(21000031, '$2a$10$fXVPmpG.D9iVDC/Clj9MU.Jp.uQDyGu4QflOJydT/ChDT90.rdtUu', 'professor'),
(21000032, '$2a$10$fXVPmpG.D9iVDC/Clj9MU.Jp.uQDyGu4QflOJydT/ChDT90.rdtUu', 'professor'),
(21000033, '$2a$10$fXVPmpG.D9iVDC/Clj9MU.Jp.uQDyGu4QflOJydT/ChDT90.rdtUu', 'professor'),
(21000034, '$2a$10$fXVPmpG.D9iVDC/Clj9MU.Jp.uQDyGu4QflOJydT/ChDT90.rdtUu', 'professor'),
(21000035, '$2a$10$fXVPmpG.D9iVDC/Clj9MU.Jp.uQDyGu4QflOJydT/ChDT90.rdtUu', 'professor'),
(21000036, '$2a$10$fXVPmpG.D9iVDC/Clj9MU.Jp.uQDyGu4QflOJydT/ChDT90.rdtUu', 'professor'),
(21000037, '$2a$10$fXVPmpG.D9iVDC/Clj9MU.Jp.uQDyGu4QflOJydT/ChDT90.rdtUu', 'professor'),
(21000038, '$2a$10$fXVPmpG.D9iVDC/Clj9MU.Jp.uQDyGu4QflOJydT/ChDT90.rdtUu', 'professor'),
(21000039, '$2a$10$fXVPmpG.D9iVDC/Clj9MU.Jp.uQDyGu4QflOJydT/ChDT90.rdtUu', 'professor'),
(21000040, '$2a$10$fXVPmpG.D9iVDC/Clj9MU.Jp.uQDyGu4QflOJydT/ChDT90.rdtUu', 'professor');

INSERT INTO student_tb VALUES
(2023000151, '김진기', '2003-09-12', '남성', '서울시 강남구 방배동', '010-2323-2323', 'aaa@green.ac.kr', 116, 2, 1, '2022-03-02', NULL),
(2023000152, '김진태', '2003-09-12', '남성', '서울시 동작구 방배동', '010-2323-2324', 'aab@green.ac.kr', 116, 2, 1, '2022-03-02', NULL),
(2023000153, '이민성', '2003-09-12', '남성', '서울시 중랑구 방배동', '010-2323-2325', 'aac@green.ac.kr', 116, 2, 1, '2022-03-02', NULL),
(2023000154, '최두보', '2003-09-12', '남성', '서울시 강서구 방배동', '010-2323-2326', 'aad@green.ac.kr', 116, 2, 1, '2022-03-02', NULL),
(2023000155, '이태백', '2003-09-12', '남성', '서울시 강남구 방배동', '010-2323-2327', 'aae@green.ac.kr', 116, 2, 1, '2022-03-02', NULL),
(2023000156, '김옥균', '2003-09-12', '남성', '서울시 강남구 방배동', '010-2323-2328', 'aaf@green.ac.kr', 116, 2, 1, '2022-03-02', NULL),
(2023000157, '박찬호', '2003-09-12', '남성', '서울시 강남구 방배동', '010-2323-2329', 'aag@green.ac.kr', 116, 2, 1, '2022-03-02', NULL),
(2023000158, '여인호', '2003-09-12', '남성', '서울시 강남구 방배동', '010-2323-2343', 'aah@green.ac.kr', 116, 2, 1, '2022-03-02', NULL),
(2023000159, '배기성', '2003-09-12', '남성', '서울시 강남구 방배동', '010-2323-2353', 'aai@green.ac.kr', 116, 2, 1, '2022-03-02', NULL),
(2023000160, '유재석', '2003-09-12', '남성', '서울시 강남구 방배동', '010-2323-2363', 'aaj@green.ac.kr', 116, 2, 1, '2022-03-02', NULL),
(2023000161, '이광수', '2003-09-12', '남성', '서울시 강남구 방배동', '010-2323-2373', 'aak@green.ac.kr', 117, 2, 1, '2022-03-02', NULL),
(2023000162, '우민지', '2003-09-12', '여성', '서울시 강남구 방배동', '010-2323-2383', 'aal@green.ac.kr', 117, 2, 1, '2022-03-02', NULL),
(2023000163, '장수아', '2003-09-12', '여성', '서울시 강남구 방배동', '010-2323-2393', 'aam@green.ac.kr', 117, 2, 1, '2022-03-02', NULL),
(2023000164, '김슬기', '2003-09-12', '여성', '서울시 강남구 방배동', '010-2323-2123', 'aan@green.ac.kr', 117, 2, 1, '2022-03-02', NULL),
(2023000165, '최나영', '2003-09-12', '여성', '서울시 강남구 방배동', '010-2323-2223', 'aao@green.ac.kr', 117, 2, 1, '2022-03-02', NULL),
(2023000166, '박주희', '2003-09-12', '여성', '서울시 강남구 방배동', '010-2323-2523', 'aap@green.ac.kr', 117, 2, 1, '2022-03-02', NULL),
(2023000167, '구민교', '2003-09-12', '남성', '서울시 강남구 방배동', '010-2323-2423', 'aaq@green.ac.kr', 117, 2, 1, '2022-03-02', NULL),
(2023000168, '고장환', '2003-09-12', '남성', '서울시 강남구 방배동', '010-2323-2623', 'aar@green.ac.kr', 117, 2, 1, '2022-03-02', NULL),
(2023000169, '황수민', '2003-09-12', '여성', '서울시 강남구 방배동', '010-2323-2723', 'aas@green.ac.kr', 117, 2, 1, '2022-03-02', NULL),
(2023000170, '박소영', '2003-09-12', '여성', '서울시 강남구 방배동', '010-2323-2823', 'aat@green.ac.kr', 117, 2, 1, '2022-03-02', NULL),
(2023000171, '하영지', '2003-09-12', '여성', '서울시 강남구 방배동', '010-2323-2923', 'aau@green.ac.kr', 118, 2, 1, '2022-03-02', NULL),
(2023000172, '이수연', '2003-09-12', '여성', '서울시 강남구 방배동', '010-2323-1323', 'aav@green.ac.kr', 118, 2, 1, '2022-03-02', NULL),
(2023000173, '성은채', '2003-09-12', '여성', '서울시 강남구 방배동', '010-2323-3323', 'aaw@green.ac.kr', 118, 2, 1, '2022-03-02', NULL),
(2023000174, '김세린', '2003-09-12', '여성', '서울시 강남구 방배동', '010-2323-4323', 'aax@green.ac.kr', 118, 2, 1, '2022-03-02', NULL),
(2023000175, '조효정', '2003-09-12', '여성', '서울시 강남구 방배동', '010-2323-5323', 'aay@green.ac.kr', 118, 2, 1, '2022-03-02', NULL),
(2023000176, '김진태', '2003-09-12', '남성', '서울시 강남구 방배동', '010-2323-6323', 'abz@green.ac.kr', 118, 2, 1, '2022-03-02', NULL),
(2023000177, '김인호', '2003-09-12', '남성', '서울시 강남구 방배동', '010-2323-7323', 'aca@green.ac.kr', 118, 2, 1, '2022-03-02', NULL),
(2023000178, '이소룡', '2003-09-12', '남성', '서울시 강남구 방배동', '010-2323-8323', 'ada@green.ac.kr', 118, 2, 1, '2022-03-02', NULL),
(2023000179, '최무배', '2003-09-12', '남성', '서울시 강남구 방배동', '010-2323-9323', 'aea@green.ac.kr', 118, 2, 1, '2022-03-02', NULL),
(2023000180, '박소희', '2003-09-12', '여성', '서울시 강남구 방배동', '010-2323-1123', 'afa@green.ac.kr', 118, 2, 1, '2022-03-02', NULL),
(2023000181, '황진이', '2003-09-12', '여성', '서울시 강남구 방배동', '010-2323-3523', 'aga@green.ac.kr', 119, 2, 1, '2022-03-02', NULL),
(2023000182, '홍연희', '2003-09-12', '여성', '서울시 강남구 방배동', '010-2323-2323', 'aha@green.ac.kr', 119, 2, 1, '2022-03-02', NULL),
(2023000183, '주민희', '2003-09-12', '여성', '서울시 강남구 방배동', '010-2323-4423', 'aia@green.ac.kr', 119, 2, 1, '2022-03-02', NULL),
(2023000184, '고윤서', '2003-09-12', '여성', '서울시 강남구 방배동', '010-2323-5523', 'aja@green.ac.kr', 119, 2, 1, '2022-03-02', NULL),
(2023000185, '정예원', '2003-09-12', '여성', '서울시 강남구 방배동', '010-2323-6623', 'aka@green.ac.kr', 119, 2, 1, '2022-03-02', NULL),
(2023000186, '정채은', '2003-09-12', '여성', '서울시 강남구 방배동', '010-2323-7723', 'ala@green.ac.kr', 119, 2, 1, '2022-03-02', NULL),
(2023000187, '차은채', '2003-09-12', '여성', '서울시 강남구 방배동', '010-2323-8823', 'ama@green.ac.kr', 119, 2, 1, '2022-03-02', NULL),
(2023000188, '곽예지', '2003-09-12', '여성', '서울시 강남구 방배동', '010-2323-9923', 'ana@green.ac.kr', 119, 2, 1, '2022-03-02', NULL),
(2023000189, '배서율', '2003-09-12', '여성', '서울시 강남구 방배동', '010-2323-2443', 'aoa@green.ac.kr', 119, 2, 1, '2022-03-02', NULL),
(2023000190, '박희수', '2003-09-12', '여성', '서울시 강남구 방배동', '010-2323-2553', 'apa@green.ac.kr', 119, 2, 1, '2022-03-02', NULL),
(2023000191, '나관중', '2003-09-12', '남성', '서울시 강남구 방배동', '010-2323-2663', 'aqa@green.ac.kr', 120, 2, 1, '2022-03-02', NULL),
(2023000192, '김기혁', '2003-09-12', '남성', '서울시 강남구 방배동', '010-2323-2773', 'ara@green.ac.kr', 120, 2, 1, '2022-03-02', NULL),
(2023000193, '신유성', '2003-09-12', '남성', '서울시 강남구 방배동', '010-2323-2883', 'asa@green.ac.kr', 120, 2, 1, '2022-03-02', NULL),
(2023000194, '사충기', '2003-09-12', '남성', '서울시 강남구 방배동', '010-2323-2993', 'ata@green.ac.kr', 120, 2, 1, '2022-03-02', NULL),
(2023000195, '도민준', '2003-09-12', '남성', '서울시 강남구 방배동', '010-2323-2003', 'aua@green.ac.kr', 120, 2, 1, '2022-03-02', NULL),
(2023000196, '소지섭', '2003-09-12', '남성', '서울시 강남구 방배동', '010-2323-2123', 'ava@green.ac.kr', 120, 2, 1, '2022-03-02', NULL),
(2023000197, '마광수', '2003-09-12', '남성', '서울시 강남구 방배동', '010-2323-2233', 'awa@green.ac.kr', 120, 2, 1, '2022-03-02', NULL),
(2023000198, '공서영', '2003-09-12', '여성', '서울시 강남구 방배동', '010-2323-2343', 'axa@green.ac.kr', 120, 2, 1, '2022-03-02', NULL),
(2023000199, '지진희', '2003-09-12', '남성', '서울시 강남구 방배동', '010-2323-2453', 'aya@green.ac.kr', 120, 2, 1, '2022-03-02', NULL),
(2023000200, '이서현', '2003-09-12', '여성', '서울시 강남구 방배동', '010-2323-2563', 'aza@green.ac.kr', 120, 2, 1, '2022-03-02', NULL);

INSERT INTO uesr_tb VALUES
(2023000151, '$2a$10$fXVPmpG.D9iVDC/Clj9MU.Jp.uQDyGu4QflOJydT/ChDT90.rdtUu', 'student'),
(2023000152, '$2a$10$fXVPmpG.D9iVDC/Clj9MU.Jp.uQDyGu4QflOJydT/ChDT90.rdtUu', 'student'),
(2023000153, '$2a$10$fXVPmpG.D9iVDC/Clj9MU.Jp.uQDyGu4QflOJydT/ChDT90.rdtUu', 'student'),
(2023000154, '$2a$10$fXVPmpG.D9iVDC/Clj9MU.Jp.uQDyGu4QflOJydT/ChDT90.rdtUu', 'student'),
(2023000155, '$2a$10$fXVPmpG.D9iVDC/Clj9MU.Jp.uQDyGu4QflOJydT/ChDT90.rdtUu', 'student'),
(2023000156, '$2a$10$fXVPmpG.D9iVDC/Clj9MU.Jp.uQDyGu4QflOJydT/ChDT90.rdtUu', 'student'),
(2023000157, '$2a$10$fXVPmpG.D9iVDC/Clj9MU.Jp.uQDyGu4QflOJydT/ChDT90.rdtUu', 'student'),
(2023000158, '$2a$10$fXVPmpG.D9iVDC/Clj9MU.Jp.uQDyGu4QflOJydT/ChDT90.rdtUu', 'student'),
(2023000159, '$2a$10$fXVPmpG.D9iVDC/Clj9MU.Jp.uQDyGu4QflOJydT/ChDT90.rdtUu', 'student'),
(2023000160, '$2a$10$fXVPmpG.D9iVDC/Clj9MU.Jp.uQDyGu4QflOJydT/ChDT90.rdtUu', 'student'),
(2023000161, '$2a$10$fXVPmpG.D9iVDC/Clj9MU.Jp.uQDyGu4QflOJydT/ChDT90.rdtUu', 'student'),
(2023000162, '$2a$10$fXVPmpG.D9iVDC/Clj9MU.Jp.uQDyGu4QflOJydT/ChDT90.rdtUu', 'student'),
(2023000163, '$2a$10$fXVPmpG.D9iVDC/Clj9MU.Jp.uQDyGu4QflOJydT/ChDT90.rdtUu', 'student'),
(2023000164, '$2a$10$fXVPmpG.D9iVDC/Clj9MU.Jp.uQDyGu4QflOJydT/ChDT90.rdtUu', 'student'),
(2023000165, '$2a$10$fXVPmpG.D9iVDC/Clj9MU.Jp.uQDyGu4QflOJydT/ChDT90.rdtUu', 'student'),
(2023000166, '$2a$10$fXVPmpG.D9iVDC/Clj9MU.Jp.uQDyGu4QflOJydT/ChDT90.rdtUu', 'student'),
(2023000167, '$2a$10$fXVPmpG.D9iVDC/Clj9MU.Jp.uQDyGu4QflOJydT/ChDT90.rdtUu', 'student'),
(2023000168, '$2a$10$fXVPmpG.D9iVDC/Clj9MU.Jp.uQDyGu4QflOJydT/ChDT90.rdtUu', 'student'),
(2023000169, '$2a$10$fXVPmpG.D9iVDC/Clj9MU.Jp.uQDyGu4QflOJydT/ChDT90.rdtUu', 'student'),
(2023000170, '$2a$10$fXVPmpG.D9iVDC/Clj9MU.Jp.uQDyGu4QflOJydT/ChDT90.rdtUu', 'student'),
(2023000171, '$2a$10$fXVPmpG.D9iVDC/Clj9MU.Jp.uQDyGu4QflOJydT/ChDT90.rdtUu', 'student'),
(2023000172, '$2a$10$fXVPmpG.D9iVDC/Clj9MU.Jp.uQDyGu4QflOJydT/ChDT90.rdtUu', 'student'),
(2023000173, '$2a$10$fXVPmpG.D9iVDC/Clj9MU.Jp.uQDyGu4QflOJydT/ChDT90.rdtUu', 'student'),
(2023000174, '$2a$10$fXVPmpG.D9iVDC/Clj9MU.Jp.uQDyGu4QflOJydT/ChDT90.rdtUu', 'student'),
(2023000175, '$2a$10$fXVPmpG.D9iVDC/Clj9MU.Jp.uQDyGu4QflOJydT/ChDT90.rdtUu', 'student'),
(2023000176, '$2a$10$fXVPmpG.D9iVDC/Clj9MU.Jp.uQDyGu4QflOJydT/ChDT90.rdtUu', 'student'),
(2023000177, '$2a$10$fXVPmpG.D9iVDC/Clj9MU.Jp.uQDyGu4QflOJydT/ChDT90.rdtUu', 'student'),
(2023000178, '$2a$10$fXVPmpG.D9iVDC/Clj9MU.Jp.uQDyGu4QflOJydT/ChDT90.rdtUu', 'student'),
(2023000179, '$2a$10$fXVPmpG.D9iVDC/Clj9MU.Jp.uQDyGu4QflOJydT/ChDT90.rdtUu', 'student'),
(2023000180, '$2a$10$fXVPmpG.D9iVDC/Clj9MU.Jp.uQDyGu4QflOJydT/ChDT90.rdtUu', 'student'),
(2023000181, '$2a$10$fXVPmpG.D9iVDC/Clj9MU.Jp.uQDyGu4QflOJydT/ChDT90.rdtUu', 'student'),
(2023000182, '$2a$10$fXVPmpG.D9iVDC/Clj9MU.Jp.uQDyGu4QflOJydT/ChDT90.rdtUu', 'student'),
(2023000183, '$2a$10$fXVPmpG.D9iVDC/Clj9MU.Jp.uQDyGu4QflOJydT/ChDT90.rdtUu', 'student'),
(2023000184, '$2a$10$fXVPmpG.D9iVDC/Clj9MU.Jp.uQDyGu4QflOJydT/ChDT90.rdtUu', 'student'),
(2023000185, '$2a$10$fXVPmpG.D9iVDC/Clj9MU.Jp.uQDyGu4QflOJydT/ChDT90.rdtUu', 'student'),
(2023000186, '$2a$10$fXVPmpG.D9iVDC/Clj9MU.Jp.uQDyGu4QflOJydT/ChDT90.rdtUu', 'student'),
(2023000187, '$2a$10$fXVPmpG.D9iVDC/Clj9MU.Jp.uQDyGu4QflOJydT/ChDT90.rdtUu', 'student'),
(2023000188, '$2a$10$fXVPmpG.D9iVDC/Clj9MU.Jp.uQDyGu4QflOJydT/ChDT90.rdtUu', 'student'),
(2023000189, '$2a$10$fXVPmpG.D9iVDC/Clj9MU.Jp.uQDyGu4QflOJydT/ChDT90.rdtUu', 'student'),
(2023000190, '$2a$10$fXVPmpG.D9iVDC/Clj9MU.Jp.uQDyGu4QflOJydT/ChDT90.rdtUu', 'student'),
(2023000191, '$2a$10$fXVPmpG.D9iVDC/Clj9MU.Jp.uQDyGu4QflOJydT/ChDT90.rdtUu', 'student'),
(2023000192, '$2a$10$fXVPmpG.D9iVDC/Clj9MU.Jp.uQDyGu4QflOJydT/ChDT90.rdtUu', 'student'),
(2023000193, '$2a$10$fXVPmpG.D9iVDC/Clj9MU.Jp.uQDyGu4QflOJydT/ChDT90.rdtUu', 'student'),
(2023000194, '$2a$10$fXVPmpG.D9iVDC/Clj9MU.Jp.uQDyGu4QflOJydT/ChDT90.rdtUu', 'student'),
(2023000195, '$2a$10$fXVPmpG.D9iVDC/Clj9MU.Jp.uQDyGu4QflOJydT/ChDT90.rdtUu', 'student'),
(2023000196, '$2a$10$fXVPmpG.D9iVDC/Clj9MU.Jp.uQDyGu4QflOJydT/ChDT90.rdtUu', 'student'),
(2023000197, '$2a$10$fXVPmpG.D9iVDC/Clj9MU.Jp.uQDyGu4QflOJydT/ChDT90.rdtUu', 'student'),
(2023000198, '$2a$10$fXVPmpG.D9iVDC/Clj9MU.Jp.uQDyGu4QflOJydT/ChDT90.rdtUu', 'student'),
(2023000199, '$2a$10$fXVPmpG.D9iVDC/Clj9MU.Jp.uQDyGu4QflOJydT/ChDT90.rdtUu', 'student'),
(2023000200, '$2a$10$fXVPmpG.D9iVDC/Clj9MU.Jp.uQDyGu4QflOJydT/ChDT90.rdtUu', 'student');

INSERT INTO stu_stat_tb (student_id, status, from_date, to_date) VALUES
(2023000151 ,'재학', '2022-03-02', '9999-01-01'),
(2023000152 ,'재학', '2022-03-02', '9999-01-01'),
(2023000153 ,'재학', '2022-03-02', '9999-01-01'),
(2023000154 ,'재학', '2022-03-02', '9999-01-01'),
(2023000155 ,'재학', '2022-03-02', '9999-01-01'),
(2023000156 ,'재학', '2022-03-02', '9999-01-01'),
(2023000157 ,'재학', '2022-03-02', '9999-01-01'),
(2023000158 ,'재학', '2022-03-02', '9999-01-01'),
(2023000159 ,'재학', '2022-03-02', '9999-01-01'),
(2023000160 ,'재학', '2022-03-02', '9999-01-01'),
(2023000161 ,'재학', '2022-03-02', '9999-01-01'),
(2023000162 ,'재학', '2022-03-02', '9999-01-01'),
(2023000163 ,'재학', '2022-03-02', '9999-01-01'),
(2023000164 ,'재학', '2022-03-02', '9999-01-01'),
(2023000165 ,'재학', '2022-03-02', '9999-01-01'),
(2023000166 ,'재학', '2022-03-02', '9999-01-01'),
(2023000167 ,'재학', '2022-03-02', '9999-01-01'),
(2023000168 ,'재학', '2022-03-02', '9999-01-01'),
(2023000169 ,'재학', '2022-03-02', '9999-01-01'),
(2023000170 ,'재학', '2022-03-02', '9999-01-01'),
(2023000171 ,'재학', '2022-03-02', '9999-01-01'),
(2023000172 ,'재학', '2022-03-02', '9999-01-01'),
(2023000173 ,'재학', '2022-03-02', '9999-01-01'),
(2023000174 ,'재학', '2022-03-02', '9999-01-01'),
(2023000175 ,'재학', '2022-03-02', '9999-01-01'),
(2023000176 ,'재학', '2022-03-02', '9999-01-01'),
(2023000177 ,'재학', '2022-03-02', '9999-01-01'),
(2023000178 ,'재학', '2022-03-02', '9999-01-01'),
(2023000179 ,'재학', '2022-03-02', '9999-01-01'),
(2023000180 ,'재학', '2022-03-02', '9999-01-01'),
(2023000181 ,'재학', '2022-03-02', '9999-01-01'),
(2023000182 ,'재학', '2022-03-02', '9999-01-01'),
(2023000183 ,'재학', '2022-03-02', '9999-01-01'),
(2023000184 ,'재학', '2022-03-02', '9999-01-01'),
(2023000185 ,'재학', '2022-03-02', '9999-01-01'),
(2023000186 ,'재학', '2022-03-02', '9999-01-01'),
(2023000187 ,'재학', '2022-03-02', '9999-01-01'),
(2023000188 ,'재학', '2022-03-02', '9999-01-01'),
(2023000189 ,'재학', '2022-03-02', '9999-01-01'),
(2023000190 ,'재학', '2022-03-02', '9999-01-01'),
(2023000191 ,'재학', '2022-03-02', '9999-01-01'),
(2023000192 ,'재학', '2022-03-02', '9999-01-01'),
(2023000193 ,'재학', '2022-03-02', '9999-01-01'),
(2023000194 ,'재학', '2022-03-02', '9999-01-01'),
(2023000195 ,'재학', '2022-03-02', '9999-01-01'),
(2023000196 ,'재학', '2022-03-02', '9999-01-01'),
(2023000197 ,'재학', '2022-03-02', '9999-01-01'),
(2023000198 ,'재학', '2022-03-02', '9999-01-01'),
(2023000199 ,'재학', '2022-03-02', '9999-01-01'),
(2023000200 ,'재학', '2022-03-02', '9999-01-01');

INSERT INTO room_tb VALUES
('C301', 4),
('C302', 4),
('C303', 4),
('C304', 4),
('C305', 4);

INSERT INTO subject_tb 
(id, name, professor_id, room_id, dept_id, type, sub_year, semester, sub_day, start_time, end_time, grades, capacity)
VALUES
(10061, '기업경영의이해', 21000031, 'C301', 116, '전공', 2022, 1, '월', 9, 12, 3, 10), 
(10062, '경영학 원론', 21000031, 'C301', 116, '전공', 2022, 1, '화', 9, 12, 3, 10),
(10063, '마케팅의 이해', 21000032, 'C301', 116, '전공', 2022, 1, '수', 9, 12, 3, 10),
(10064, '마케팅 조사론', 21000032, 'C301', 116, '전공', 2022, 1, '목', 9, 12, 3, 10),
(10065, '경제학원론', 21000033, 'C302', 117, '전공', 2022, 1, '월', 9, 12, 3, 10),
(10066, '미시경제학', 21000033,'C302', 117, '전공', 2022, 1, '화', 9, 12, 3, 10),
(10067, '거시경제학', 21000034, 'C302', 117, '전공', 2022, 1, '수', 9, 12, 3, 10),
(10068, '신자유주의 경제학', 21000034, 'C302', 117, '전공', 2022, 1, '목', 9, 12, 3, 10),
(10069, '재무회계', 21000035, 'C303', 118, '전공', 2022, 1, '월', 9, 12, 3, 10),
(10070, '회계감사', 21000035, 'C303', 118, '전공', 2022, 1, '화', 9, 12, 3, 10),
(10071, '원가회계', 21000036, 'C303', 118, '전공', 2022, 1, '수', 9, 12, 3, 10),
(10072, '관리회계', 21000036, 'C303', 118, '전공', 2022, 1, '목', 9, 12, 3, 10),
(10073, '농업생산경제학', 21000037, 'C304', 119, '전공', 2022, 1, '월', 9, 12, 3, 10),
(10074, '농산물 가격분석', 21000037, 'C304', 119, '전공', 2022, 1, '화', 9, 12, 3, 10),
(10075, '농산물 유통학', 21000038, 'C304', 119, '전공', 2022, 1, '수', 9, 12, 3, 10),
(10076, '농업 정책론', 21000038, 'C304', 119, '전공', 2022, 1, '목', 9, 12, 3, 10),
(10007, '무역상무론', 21000039, 'C305', 120, '전공', 2022, 1, '월', 9, 12, 3, 10),
(10078, '국제경영학', 21000039, 'C305', 120, '전공', 2022, 1, '화', 9, 12, 3, 10),
(10079, '국제무역론 입문', 21000040, 'C305', 120, '전공', 2022, 1, '수', 9, 12, 3, 10),
(10080, '한국무역법', 21000040, 'C305', 120, '전공', 2022, 1, '목', 9, 12, 3, 10);
(10081, '기업경영의이해', 21000031, 'C301', 116, '전공', 2023, 1, '월', 9, 12, 3, 10), 
(10082, '경영학 원론', 21000031, 'C301', 116, '전공', 2023, 1, '화', 9, 12, 3, 10),
(10083, '마케팅의 이해', 21000032, 'C301', 116, '전공', 2023, 1, '수', 9, 12, 3, 10),
(10084, '마케팅 조사론', 21000032, 'C301', 116, '전공', 2023, 1, '목', 9, 12, 3, 10),
(10085, '경제학원론', 21000033, 'C302', 117, '전공', 2023, 1, '월', 9, 12, 3, 10),
(10086, '미시경제학', 21000033,'C302', 117, '전공', 2023, 1, '화', 9, 12, 3, 10),
(10087, '거시경제학', 21000034, 'C302', 117, '전공', 2023, 1, '수', 9, 12, 3, 10),
(10088, '신자유주의 경제학', 21000034, 'C302', 117, '전공', 2023, 1, '목', 9, 12, 3, 10),
(10089, '재무회계', 21000035, 'C303', 118, '전공', 2023, 1, '월', 9, 12, 3, 10),
(10090, '회계감사', 21000035, 'C303', 118, '전공', 2023, 1, '화', 9, 12, 3, 10),
(10091, '원가회계', 21000036, 'C303', 118, '전공', 2023, 1, '수', 9, 12, 3, 10),
(10092, '관리회계', 21000036, 'C303', 118, '전공', 2023, 1, '목', 9, 12, 3, 10),
(10093, '농업생산경제학', 21000037, 'C304', 119, '전공', 2023, 1, '월', 9, 12, 3, 10),
(10094, '농산물 가격분석', 21000037, 'C304', 119, '전공', 2023, 1, '화', 9, 12, 3, 10),
(10095, '농산물 유통학', 21000038, 'C304', 119, '전공', 2023, 1, '수', 9, 12, 3, 10),
(10096, '농업 정책론', 21000038, 'C304', 119, '전공', 2023, 1, '목', 9, 12, 3, 10),
(10097, '무역상무론', 21000039, 'C305', 120, '전공', 2023, 1, '월', 9, 12, 3, 10),
(10098, '국제경영학', 21000039, 'C305', 120, '전공', 2023, 1, '화', 9, 12, 3, 10),
(10099, '국제무역론 입문', 21000040, 'C305', 120, '전공', 2023, 1, '수', 9, 12, 3, 10),
(10100, '한국무역법', 21000040, 'C305', 120, '전공', 2023, 1, '목', 9, 12, 3, 10);

INSERT INTO syllabus_tb (subject_id) VALUES
(10061),
(10062),
(10063),
(10064),
(10065),
(10066),
(10067),
(10068),
(10069),
(10070),
(10071),
(10072),
(10073),
(10074),
(10075),
(10076),
(10007),
(10078),
(10079),
(10080),
(10081),
(10082),
(10083),
(10084),
(10085),
(10086),
(10087),
(10088),
(10089),
(10090),
(10091),
(10092),
(10093),
(10094),
(10095),
(10096),
(10097),
(10098),
(10099),
(10100);