INSERT INTO college_tb
(id, name) 
VALUE
(3, '사회과학대학');

INSERT INTO department_tb 
(id, name, college_id)
VALUES
(111, '심리학과', 3),
(112, '정치외교학과', 3),
(113, '사회복지학과', 3),
(114, '언론정보학과', 3),
(115, '인류학과', 3);

INSERT INTO professor_tb
(id, name, birth_date, gender, address, tel, email, dept_id, hire_date) 
VALUES
(23000021, '한소영', '1970-02-23', '여성', '부산시 수영구 광안동', '010-3801-2721', 'yoyo@nate.com', 111, (current_date)),
(23000022, '전혜진', '1970-02-23', '여성', '부산시 수영구 광안동', '010-5801-7542', 'dodrl10@naver.com', 111, (current_date)),
(23000023, '박두식', '1970-02-23', '남성', '부산시 수영구 광안동', '010-9901-2363', 'yola@Gmail.com', 112, (current_date)),
(23000024, '김현식', '1970-02-23', '남성', '부산시 수영구 광안동', '010-9401-3244', 'ropo@naver.com', 112, (current_date)),
(23000025, '이찬호', '1970-02-23', '남성', '부산시 수영구 광안동', '010-3801-7005', 'qpelo94@naver.com', 113, (current_date)),
(23000026, '박진영', '1970-02-23', '남성', '부산시 수영구 광안동', '010-2701-8006', 'aoco@nate.com', 113, (current_date)),
(23000027, '박준서', '1970-02-23', '남성', '부산시 수영구 광안동', '010-5901-2007', 'qpwok@naver.com', 114, (current_date)),
(23000028, '김정훈', '1970-02-23', '남성', '부산시 수영구 광안동', '010-2901-3008', 'adoo1055@naver.com', 114, (current_date)),
(23000029, '유하준', '1970-02-23', '남성', '부산시 수영구 광안동', '010-2001-6009', 'qpwo4699@naver.com', 115, (current_date)),
(23000030, '강지섭', '1970-02-23', '남성', '부산시 수영구 광안동', '010-7301-5001', 'porll@naver.com', 115, (current_date));

INSERT INTO user_tb
(id, password, user_role)
VALUES
(23000021, '$2a$10$fXVPmpG.D9iVDC/Clj9MU.Jp.uQDyGu4QflOJydT/ChDT90.rdtUu', 'professor'),
(23000022, '$2a$10$fXVPmpG.D9iVDC/Clj9MU.Jp.uQDyGu4QflOJydT/ChDT90.rdtUu', 'professor'),
(23000023, '$2a$10$fXVPmpG.D9iVDC/Clj9MU.Jp.uQDyGu4QflOJydT/ChDT90.rdtUu', 'professor'),
(23000024, '$2a$10$fXVPmpG.D9iVDC/Clj9MU.Jp.uQDyGu4QflOJydT/ChDT90.rdtUu', 'professor'),
(23000025, '$2a$10$fXVPmpG.D9iVDC/Clj9MU.Jp.uQDyGu4QflOJydT/ChDT90.rdtUu', 'professor'),
(23000026, '$2a$10$fXVPmpG.D9iVDC/Clj9MU.Jp.uQDyGu4QflOJydT/ChDT90.rdtUu', 'professor'),
(23000027, '$2a$10$fXVPmpG.D9iVDC/Clj9MU.Jp.uQDyGu4QflOJydT/ChDT90.rdtUu', 'professor'),
(23000028, '$2a$10$fXVPmpG.D9iVDC/Clj9MU.Jp.uQDyGu4QflOJydT/ChDT90.rdtUu', 'professor'),
(23000029, '$2a$10$fXVPmpG.D9iVDC/Clj9MU.Jp.uQDyGu4QflOJydT/ChDT90.rdtUu', 'professor'),
(23000030, '$2a$10$fXVPmpG.D9iVDC/Clj9MU.Jp.uQDyGu4QflOJydT/ChDT90.rdtUu', 'professor');

INSERT INTO student_tb
(id, name, birth_date, gender, address, tel, email, dept_id, grade, semester, entrance_date, graduation_date) 
VALUES
(2023000101, '민효린', '2003-05-15', '여성', '부산시 수영구 망미동', '010-4501-1312', 'aoao@nate.com', 111, 1, 1, '2023-03-02', NULL),
(2023000102, '윤석주', '2003-09-25', '남성', '부산시 수영구 망미동', '010-4502-1312', 'aoao2@nate.com', 111, 1, 1, '2023-03-02', NULL),
(2023000103, '김석구', '2003-03-25', '남성', '부산시 수영구 망미동', '010-4503-1312', 'aoao3@nate.com', 111, 1, 1, '2023-03-02', NULL),
(2023000104, '윤정수', '2003-02-12', '남성', '부산시 수영구 망미동', '010-4504-1312', 'aoao4@nate.com', 111, 1, 1, '2023-03-02', NULL),
(2023000105, '남우현', '2003-09-13', '남성', '부산시 수영구 망미동', '010-4505-1312', 'aoao5@nate.com', 111, 1, 1, '2023-03-02', NULL),
(2023000106, '이수근', '2003-04-17', '남성', '부산시 수영구 망미동', '010-4506-1312', 'aoao6@nate.com', 111, 1, 1, '2023-03-02', NULL),
(2023000107, '김효진', '2003-02-15', '여성', '부산시 수영구 망미동', '010-4507-1312', 'aoao7@nate.com', 111, 1, 1, '2023-03-02', NULL),
(2023000108, '박소현', '2003-07-16', '여성', '부산시 수영구 망미동', '010-4508-1312', 'aoao8@nate.com', 111, 1, 1, '2023-03-02', NULL),
(2023000109, '하석진', '2003-03-11', '남성', '부산시 수영구 망미동', '010-4509-1312', 'aoao9@nate.com', 111, 1, 1, '2023-03-02', NULL),
(2023000110, '김동준', '2003-02-02', '남성', '부산시 수영구 망미동', '010-4510-1312', 'aoao10@nate.com', 111, 1, 1, '2023-03-02', NULL),
(2023000111, '김원준', '2003-08-17', '남성', '부산시 수영구 망미동', '010-4511-1312', 'aoao11@nate.com', 112, 1, 1, '2023-03-02', NULL),
(2023000112, '김예은', '2003-02-02', '여성', '부산시 수영구 광안동', '010-4512-1312', 'aoao12@nate.com', 112, 1, 1, '2023-03-02', NULL),
(2023000113, '이세창', '2003-08-23', '남성', '부산시 수영구 광안동', '010-4513-1312', 'aoao13@nate.com', 112, 1, 1, '2023-03-02', NULL),
(2023000114, '김재원', '2003-02-16', '남성', '부산시 수영구 광안동', '010-4514-1312', 'aoao14@nate.com', 112, 1, 1, '2023-03-02', NULL),
(2023000115, '박성훈', '2003-08-05', '남성', '부산시 수영구 광안동', '010-4515-1312', 'aoao15@nate.com', 112, 1, 1, '2023-03-02', NULL),
(2023000116, '최우재', '2003-06-25', '남성', '부산시 수영구 광안동', '010-4516-1312', 'aoao16@nate.com', 112, 1, 1, '2023-03-02', NULL),
(2023000117, '서지원', '2003-03-26', '여성', '부산시 수영구 광안동', '010-4517-1312', 'aoao17@nate.com', 112, 1, 1, '2023-03-02', NULL),
(2023000118, '이천희', '2003-09-07', '남성', '부산시 수영구 광안동', '010-4518-1312', 'aoao18@nate.com', 112, 1, 1, '2023-03-02', NULL),
(2023000119, '최정훈', '2003-02-21', '남성', '부산시 수영구 광안동', '010-4519-1312', 'aoao19@nate.com', 112, 1, 1, '2023-03-02', NULL),
(2023000120, '강하늘', '2003-09-17', '남성', '부산시 수영구 광안동', '010-4520-1312', 'aoao20@nate.com', 112, 1, 1, '2023-03-02', NULL),
(2023000121, '김동현', '2003-04-02', '남성', '부산시 수영구 광안동', '010-4521-1312', 'aoao21@nate.com', 113, 1, 1, '2023-03-02', NULL),
(2023000122, '김승우', '2003-05-07', '남성', '부산시 중구 부평동', '010-4522-1312', 'aoao22@nate.com', 113, 1, 1, '2023-03-02', NULL),
(2023000123, '장인섭', '2003-03-12', '남성', '부산시 중구 부평동', '010-4523-1312', 'aoao23@nate.com', 113, 1, 1, '2023-03-02', NULL),
(2023000124, '김영철', '2003-01-21', '남성', '부산시 중구 부평동', '010-4524-1312', 'aoao24@nate.com', 113, 1, 1, '2023-03-02', NULL),
(2023000125, '유승우', '2003-04-15', '남성', '부산시 중구 부평동', '010-4525-1312', 'aoao25@nate.com', 113, 1, 1, '2023-03-02', NULL),
(2023000126, '서현진', '2003-04-01', '남성', '부산시 중구 부평동', '010-4526-1312', 'aoao26@nate.com', 113, 1, 1, '2023-03-02', NULL),
(2023000127, '장희수', '2003-05-13', '남성', '부산시 중구 부평동', '010-4527-1312', 'aoao27@nate.com', 113, 1, 1, '2023-03-02', NULL),
(2023000128, '이채원', '2003-02-17', '여성', '부산시 중구 부평동', '010-4528-1312', 'aoao28@nate.com', 113, 1, 1, '2023-03-02', NULL),
(2023000129, '조재훈', '2003-06-21', '남성', '부산시 중구 부평동', '010-4529-1312', 'aoao29@nate.com', 113, 1, 1, '2023-03-02', NULL),
(2023000130, '최태환', '2003-03-02', '남성', '부산시 중구 부평동', '010-4530-1312', 'aoao30@nate.com', 113, 1, 1, '2023-03-02', NULL),
(2023000131, '백승현', '2003-09-04', '남성', '부산시 중구 부평동', '010-4531-1312', 'aoao31@nate.com', 114, 1, 1, '2023-03-02', NULL),
(2023000132, '박진성', '2003-08-14', '남성', '부산시 부산진구 부전동', '010-4532-1312', 'aoao32@nate.com', 114, 1, 1, '2023-03-02', NULL),
(2023000133, '김영대', '2003-02-15', '남성', '부산시 부산진구 부전동', '010-4533-1312', 'aoao33@nate.com', 114, 1, 1, '2023-03-02', NULL),
(2023000134, '서승현', '2003-04-14', '남성', '부산시 부산진구 부전동', '010-4534-1312', 'aoao34@nate.com', 114, 1, 1, '2023-03-02', NULL),
(2023000135, '박현민', '2003-03-19', '남성', '부산시 부산진구 부전동', '010-4535-1312', 'aoao35@nate.com', 114, 1, 1, '2023-03-02', NULL),
(2023000136, '이장우', '2003-02-12', '남성', '부산시 부산진구 부전동', '010-4536-1312', 'aoao36@nate.com', 114, 1, 1, '2023-03-02', NULL),
(2023000137, '김찬우', '2003-09-17', '남성', '부산시 부산진구 부전동', '010-4537-1312', 'aoao37@nate.com', 114, 1, 1, '2023-03-02', NULL),
(2023000138, '송재호', '2003-08-18', '남성', '부산시 부산진구 부전동', '010-4538-1312', 'aoao38@nate.com', 114, 1, 1, '2023-03-02', NULL),
(2023000139, '박형선', '2003-04-27', '남성', '부산시 부산진구 부전동', '010-4539-1312', 'aoao39@nate.com', 114, 1, 1, '2023-03-02', NULL),
(2023000140, '김정우', '2003-02-12', '남성', '부산시 부산진구 부전동', '010-4540-1312', 'aoao40@nate.com', 114, 1, 1, '2023-03-02', NULL),
(2023000141, '김범수', '2003-05-20', '남성', '부산시 부산진구 부전동', '010-4541-1312', 'aoao41@nate.com', 115, 1, 1, '2023-03-02', NULL),
(2023000142, '이준혁', '2003-06-18', '남성', '부산시 중구 중앙동', '010-4542-1312', 'aoao42@nate.com', 115, 1, 1, '2023-03-02', NULL),
(2023000143, '윤서진', '2003-03-16', '여성', '부산시 중구 중앙동', '010-4543-1312', 'aoao43@nate.com', 115, 1, 1, '2023-03-02', NULL),
(2023000144, '정재순', '2003-02-01', '남성', '부산시 중구 중앙동', '010-4544-1312', 'aoao44@nate.com', 115, 1, 1, '2023-03-02', NULL),
(2023000145, '권태원', '2003-03-02', '남성', '부산시 중구 중앙동', '010-4545-1312', 'aoao45@nate.com', 115, 1, 1, '2023-03-02', NULL),
(2023000146, '김승현', '2003-05-17', '남성', '부산시 중구 중앙동', '010-4546-1312', 'aoao46@nate.com', 115, 1, 1, '2023-03-02', NULL),
(2023000147, '강지환', '2003-03-07', '남성', '부산시 중구 중앙동', '010-4547-1312', 'aoao47@nate.com', 115, 1, 1, '2023-03-02', NULL),
(2023000148, '김승민', '2003-04-18', '남성', '부산시 중구 중앙동', '010-4548-1312', 'aoao48@nate.com', 115, 1, 1, '2023-03-02', NULL),
(2023000149, '이재용', '2003-02-12', '남성', '부산시 중구 중앙동', '010-4549-1312', 'aoao49@nate.com', 115, 1, 1, '2023-03-02', NULL),
(2023000150, '신승훈', '2003-07-02', '남성', '부산시 중구 중앙동', '010-4550-1312', 'aoao50@nate.com', 115, 1, 1, '2023-03-02', NULL);

INSERT INTO user_tb
(id, password, user_role)
VALUES
(2023000101, '$2a$10$fXVPmpG.D9iVDC/Clj9MU.Jp.uQDyGu4QflOJydT/ChDT90.rdtUu', 'student'),
(2023000102, '$2a$10$fXVPmpG.D9iVDC/Clj9MU.Jp.uQDyGu4QflOJydT/ChDT90.rdtUu', 'student'),
(2023000103, '$2a$10$fXVPmpG.D9iVDC/Clj9MU.Jp.uQDyGu4QflOJydT/ChDT90.rdtUu', 'student'),
(2023000104, '$2a$10$fXVPmpG.D9iVDC/Clj9MU.Jp.uQDyGu4QflOJydT/ChDT90.rdtUu', 'student'),
(2023000105, '$2a$10$fXVPmpG.D9iVDC/Clj9MU.Jp.uQDyGu4QflOJydT/ChDT90.rdtUu', 'student'),
(2023000106, '$2a$10$fXVPmpG.D9iVDC/Clj9MU.Jp.uQDyGu4QflOJydT/ChDT90.rdtUu', 'student'),
(2023000107, '$2a$10$fXVPmpG.D9iVDC/Clj9MU.Jp.uQDyGu4QflOJydT/ChDT90.rdtUu', 'student'),
(2023000108, '$2a$10$fXVPmpG.D9iVDC/Clj9MU.Jp.uQDyGu4QflOJydT/ChDT90.rdtUu', 'student'),
(2023000109, '$2a$10$fXVPmpG.D9iVDC/Clj9MU.Jp.uQDyGu4QflOJydT/ChDT90.rdtUu', 'student'),
(2023000110, '$2a$10$fXVPmpG.D9iVDC/Clj9MU.Jp.uQDyGu4QflOJydT/ChDT90.rdtUu', 'student'),
(2023000111, '$2a$10$fXVPmpG.D9iVDC/Clj9MU.Jp.uQDyGu4QflOJydT/ChDT90.rdtUu', 'student'),
(2023000112, '$2a$10$fXVPmpG.D9iVDC/Clj9MU.Jp.uQDyGu4QflOJydT/ChDT90.rdtUu', 'student'),
(2023000113, '$2a$10$fXVPmpG.D9iVDC/Clj9MU.Jp.uQDyGu4QflOJydT/ChDT90.rdtUu', 'student'),
(2023000114, '$2a$10$fXVPmpG.D9iVDC/Clj9MU.Jp.uQDyGu4QflOJydT/ChDT90.rdtUu', 'student'),
(2023000115, '$2a$10$fXVPmpG.D9iVDC/Clj9MU.Jp.uQDyGu4QflOJydT/ChDT90.rdtUu', 'student'),
(2023000116, '$2a$10$fXVPmpG.D9iVDC/Clj9MU.Jp.uQDyGu4QflOJydT/ChDT90.rdtUu', 'student'),
(2023000117, '$2a$10$fXVPmpG.D9iVDC/Clj9MU.Jp.uQDyGu4QflOJydT/ChDT90.rdtUu', 'student'),
(2023000118, '$2a$10$fXVPmpG.D9iVDC/Clj9MU.Jp.uQDyGu4QflOJydT/ChDT90.rdtUu', 'student'),
(2023000119, '$2a$10$fXVPmpG.D9iVDC/Clj9MU.Jp.uQDyGu4QflOJydT/ChDT90.rdtUu', 'student'),
(2023000120, '$2a$10$fXVPmpG.D9iVDC/Clj9MU.Jp.uQDyGu4QflOJydT/ChDT90.rdtUu', 'student'),
(2023000121, '$2a$10$fXVPmpG.D9iVDC/Clj9MU.Jp.uQDyGu4QflOJydT/ChDT90.rdtUu', 'student'),
(2023000122, '$2a$10$fXVPmpG.D9iVDC/Clj9MU.Jp.uQDyGu4QflOJydT/ChDT90.rdtUu', 'student'),
(2023000123, '$2a$10$fXVPmpG.D9iVDC/Clj9MU.Jp.uQDyGu4QflOJydT/ChDT90.rdtUu', 'student'),
(2023000124, '$2a$10$fXVPmpG.D9iVDC/Clj9MU.Jp.uQDyGu4QflOJydT/ChDT90.rdtUu', 'student'),
(2023000125, '$2a$10$fXVPmpG.D9iVDC/Clj9MU.Jp.uQDyGu4QflOJydT/ChDT90.rdtUu', 'student'),
(2023000126, '$2a$10$fXVPmpG.D9iVDC/Clj9MU.Jp.uQDyGu4QflOJydT/ChDT90.rdtUu', 'student'),
(2023000127, '$2a$10$fXVPmpG.D9iVDC/Clj9MU.Jp.uQDyGu4QflOJydT/ChDT90.rdtUu', 'student'),
(2023000128, '$2a$10$fXVPmpG.D9iVDC/Clj9MU.Jp.uQDyGu4QflOJydT/ChDT90.rdtUu', 'student'),
(2023000129, '$2a$10$fXVPmpG.D9iVDC/Clj9MU.Jp.uQDyGu4QflOJydT/ChDT90.rdtUu', 'student'),
(2023000130, '$2a$10$fXVPmpG.D9iVDC/Clj9MU.Jp.uQDyGu4QflOJydT/ChDT90.rdtUu', 'student'),
(2023000131, '$2a$10$fXVPmpG.D9iVDC/Clj9MU.Jp.uQDyGu4QflOJydT/ChDT90.rdtUu', 'student'),
(2023000132, '$2a$10$fXVPmpG.D9iVDC/Clj9MU.Jp.uQDyGu4QflOJydT/ChDT90.rdtUu', 'student'),
(2023000133, '$2a$10$fXVPmpG.D9iVDC/Clj9MU.Jp.uQDyGu4QflOJydT/ChDT90.rdtUu', 'student'),
(2023000134, '$2a$10$fXVPmpG.D9iVDC/Clj9MU.Jp.uQDyGu4QflOJydT/ChDT90.rdtUu', 'student'),
(2023000135, '$2a$10$fXVPmpG.D9iVDC/Clj9MU.Jp.uQDyGu4QflOJydT/ChDT90.rdtUu', 'student'),
(2023000136, '$2a$10$fXVPmpG.D9iVDC/Clj9MU.Jp.uQDyGu4QflOJydT/ChDT90.rdtUu', 'student'),
(2023000137, '$2a$10$fXVPmpG.D9iVDC/Clj9MU.Jp.uQDyGu4QflOJydT/ChDT90.rdtUu', 'student'),
(2023000138, '$2a$10$fXVPmpG.D9iVDC/Clj9MU.Jp.uQDyGu4QflOJydT/ChDT90.rdtUu', 'student'),
(2023000139, '$2a$10$fXVPmpG.D9iVDC/Clj9MU.Jp.uQDyGu4QflOJydT/ChDT90.rdtUu', 'student'),
(2023000140, '$2a$10$fXVPmpG.D9iVDC/Clj9MU.Jp.uQDyGu4QflOJydT/ChDT90.rdtUu', 'student'),
(2023000141, '$2a$10$fXVPmpG.D9iVDC/Clj9MU.Jp.uQDyGu4QflOJydT/ChDT90.rdtUu', 'student'),
(2023000142, '$2a$10$fXVPmpG.D9iVDC/Clj9MU.Jp.uQDyGu4QflOJydT/ChDT90.rdtUu', 'student'),
(2023000143, '$2a$10$fXVPmpG.D9iVDC/Clj9MU.Jp.uQDyGu4QflOJydT/ChDT90.rdtUu', 'student'),
(2023000144, '$2a$10$fXVPmpG.D9iVDC/Clj9MU.Jp.uQDyGu4QflOJydT/ChDT90.rdtUu', 'student'),
(2023000145, '$2a$10$fXVPmpG.D9iVDC/Clj9MU.Jp.uQDyGu4QflOJydT/ChDT90.rdtUu', 'student'),
(2023000146, '$2a$10$fXVPmpG.D9iVDC/Clj9MU.Jp.uQDyGu4QflOJydT/ChDT90.rdtUu', 'student'),
(2023000147, '$2a$10$fXVPmpG.D9iVDC/Clj9MU.Jp.uQDyGu4QflOJydT/ChDT90.rdtUu', 'student'),
(2023000148, '$2a$10$fXVPmpG.D9iVDC/Clj9MU.Jp.uQDyGu4QflOJydT/ChDT90.rdtUu', 'student'),
(2023000149, '$2a$10$fXVPmpG.D9iVDC/Clj9MU.Jp.uQDyGu4QflOJydT/ChDT90.rdtUu', 'student'),
(2023000150, '$2a$10$fXVPmpG.D9iVDC/Clj9MU.Jp.uQDyGu4QflOJydT/ChDT90.rdtUu', 'student');


INSERT INTO stu_stat_tb 
(student_id, status, from_date, to_date) 
VALUES
(2023000101 ,'재학', '2023-03-02', '9999-01-01'),
(2023000102 ,'재학', '2023-03-02', '9999-01-01'),
(2023000103 ,'재학', '2023-03-02', '9999-01-01'),
(2023000104 ,'재학', '2023-03-02', '9999-01-01'),
(2023000105 ,'재학', '2023-03-02', '9999-01-01'),
(2023000106 ,'재학', '2023-03-02', '9999-01-01'),
(2023000107 ,'재학', '2023-03-02', '9999-01-01'),
(2023000108 ,'재학', '2023-03-02', '9999-01-01'),
(2023000109 ,'재학', '2023-03-02', '9999-01-01'),
(2023000110 ,'재학', '2023-03-02', '9999-01-01'),
(2023000111 ,'재학', '2023-03-02', '9999-01-01'),
(2023000112 ,'재학', '2023-03-02', '9999-01-01'),
(2023000113 ,'재학', '2023-03-02', '9999-01-01'),
(2023000114 ,'재학', '2023-03-02', '9999-01-01'),
(2023000115 ,'재학', '2023-03-02', '9999-01-01'),
(2023000116 ,'재학', '2023-03-02', '9999-01-01'),
(2023000117 ,'재학', '2023-03-02', '9999-01-01'),
(2023000118 ,'재학', '2023-03-02', '9999-01-01'),
(2023000119 ,'재학', '2023-03-02', '9999-01-01'),
(2023000120 ,'재학', '2023-03-02', '9999-01-01'),
(2023000121 ,'재학', '2023-03-02', '9999-01-01'),
(2023000122 ,'재학', '2023-03-02', '9999-01-01'),
(2023000123 ,'재학', '2023-03-02', '9999-01-01'),
(2023000124 ,'재학', '2023-03-02', '9999-01-01'),
(2023000125 ,'재학', '2023-03-02', '9999-01-01'),
(2023000126 ,'재학', '2023-03-02', '9999-01-01'),
(2023000127 ,'재학', '2023-03-02', '9999-01-01'),
(2023000128 ,'재학', '2023-03-02', '9999-01-01'),
(2023000129 ,'재학', '2023-03-02', '9999-01-01'),
(2023000130 ,'재학', '2023-03-02', '9999-01-01'),
(2023000131 ,'재학', '2023-03-02', '9999-01-01'),
(2023000132 ,'재학', '2023-03-02', '9999-01-01'),
(2023000133 ,'재학', '2023-03-02', '9999-01-01'),
(2023000134 ,'재학', '2023-03-02', '9999-01-01'),
(2023000135 ,'재학', '2023-03-02', '9999-01-01'),
(2023000136 ,'재학', '2023-03-02', '9999-01-01'),
(2023000137 ,'재학', '2023-03-02', '9999-01-01'),
(2023000138 ,'재학', '2023-03-02', '9999-01-01'),
(2023000139 ,'재학', '2023-03-02', '9999-01-01'),
(2023000140 ,'재학', '2023-03-02', '9999-01-01'),
(2023000141 ,'재학', '2023-03-02', '9999-01-01'),
(2023000142 ,'재학', '2023-03-02', '9999-01-01'),
(2023000143 ,'재학', '2023-03-02', '9999-01-01'),
(2023000144 ,'재학', '2023-03-02', '9999-01-01'),
(2023000145 ,'재학', '2023-03-02', '9999-01-01'),
(2023000146 ,'재학', '2023-03-02', '9999-01-01'),
(2023000147 ,'재학', '2023-03-02', '9999-01-01'),
(2023000148 ,'재학', '2023-03-02', '9999-01-01'),
(2023000149 ,'재학', '2023-03-02', '9999-01-01'),
(2023000150 ,'재학', '2023-03-02', '9999-01-01');

INSERT INTO room_tb
(id, college_id)
VALUES
('B301', 3),
('B302', 3),
('B303', 3),
('B304', 3),
('B305', 3),
('B306', 3),
('B307', 3),
('B308', 3),
('B309', 3),
('B310', 3);


INSERT INTO subject_tb 
(id, name, professor_id, room_id, dept_id, type, sub_year, semester, sub_day, start_time, end_time, grades, capacity)
VALUES
(10041, '일반심리학', 23000021, 'B301', 111, '전공', 2023, 1, '월', 9, 12, 3, 10),
(10042, '적응심리학', 23000021, 'B301', 111, '전공', 2023, 1, '화', 9, 12, 3, 10),
(10043, '성격심리학', 23000022, 'B302', 111, '전공', 2023, 1, '수', 9, 12, 3, 10),
(10044, '인지심리학', 23000022, 'B302', 111, '전공', 2023, 1, '목', 9, 12, 3, 10),
(10045, '비교정치론', 23000023, 'B303', 112, '전공', 2023, 1, '월', 9, 12, 3, 10),
(10046, '외교정책론', 23000023, 'B303', 112, '전공', 2023, 1, '화', 9, 12, 3, 10),
(10047, '국제정치경제론', 23000024, 'B304', 112, '전공', 2023, 1, '수', 9, 12, 3, 10),
(10048, '한국정치론', 23000024, 'B304', 112, '전공', 2023, 1, '목', 9, 12, 3, 10),
(10049, '현대사회심리', 23000025, 'B305', 113, '전공', 2023, 1, '월', 9, 12, 3, 10),
(10050, '인간행동과 사회환경', 23000025, 'B305', 113, '전공', 2023, 1, '화', 9, 12, 3, 10),
(10051, '사회복지학개론', 23000026, 'B306', 113, '전공', 2023, 1, '수', 9, 12, 3, 10),
(10052, '사회복지행정론', 23000026, 'B306', 113, '전공', 2023, 1, '목', 9, 12, 3, 10),
(10053, '언론정보학개론', 23000027, 'B307', 114, '전공', 2023, 1, '월', 9, 12, 3, 10),
(10054, '방송의이해', 23000027, 'B307', 114, '전공', 2023, 1, '화', 9, 12, 3, 10),
(10055, '광고의이해', 23000028, 'B308', 114, '전공', 2023, 1, '수', 9, 12, 3, 10),
(10056, '한국언론사', 23000028, 'B308', 114, '전공', 2023, 1, '목', 9, 12, 3, 10),
(10057, '문화인류학', 23000029, 'B309', 115, '전공', 2023, 1, '월', 9, 12, 3, 10),
(10058, '세계화와 다문화주의', 23000029, 'B309', 115, '전공', 2023, 1, '화', 9, 12, 3, 10),
(10059, '의료인류학', 23000030, 'B310', 115, '전공', 2023, 1, '수', 9, 12, 3, 10),
(10060, '도시와문화', 23000030, 'B310', 115, '전공', 2023, 1, '목', 9, 12, 3, 10);

INSERT INTO syllabus_tb 
(subject_id)
VALUES
(10041),
(10042),
(10043),
(10044),
(10045),
(10046),
(10047),
(10048),
(10049),
(10050),
(10051),
(10052),
(10053),
(10054),
(10055),
(10056),
(10057),
(10058),
(10059),
(10060);

